{"has_child":1,"home_url":"http:\/\/andriamiharisoaolga.local","root_flag":"custom","php_version":"8.1.9","mysql_version":"8.0.16","wp_version":"6.2.2","child_file":{"andriamiharisoaolga.local_wpvivid-64c11154cf603_2023-07-26-15-28_backup_db.zip":{"files":["andriamiharisoaolga.local_wpvivid-64c11154cf603_2023-07-26-15-28_backup_db.sql"],"tables":[{"name":"wp_links","size":32768,"rows":"0"},{"name":"wp_term_relationships","size":32768,"rows":"4"},{"name":"wp_commentmeta","size":49152,"rows":"0"},{"name":"wp_term_taxonomy","size":49152,"rows":"2"},{"name":"wp_termmeta","size":49152,"rows":"0"},{"name":"wp_terms","size":49152,"rows":"2"},{"name":"wp_usermeta","size":49152,"rows":"21"},{"name":"wp_users","size":65536,"rows":"0"},{"name":"wp_comments","size":98304,"rows":"0"},{"name":"wp_postmeta","size":114688,"rows":"352"},{"name":"wp_options","size":2195456,"rows":"168"},{"name":"wp_posts","size":3670016,"rows":"381"}],"dump_db":1,"file_type":"databases","home_url":"http:\/\/andriamiharisoaolga.local","root_flag":"custom","php_version":"8.1.9","mysql_version":"8.0.16","wp_version":"6.2.2","file":"andriamiharisoaolga.local_wpvivid-64c11154cf603_2023-07-26-15-28_backup_db.part001.zip"},"andriamiharisoaolga.local_wpvivid-64c11154cf603_2023-07-26-15-28_backup_themes.zip":{"file_type":"themes","root_flag":"wp-content","php_version":"8.1.9","mysql_version":"8.0.16","wp_version":"6.2.2","themes":{"kadence-child":{"slug":"kadence-child"},"kadence":{"slug":"kadence"}},"file":"andriamiharisoaolga.local_wpvivid-64c11154cf603_2023-07-26-15-28_backup_themes.part001.zip"},"andriamiharisoaolga.local_wpvivid-64c11154cf603_2023-07-26-15-28_backup_plugin.zip":{"file_type":"plugin","root_flag":"wp-content","php_version":"8.1.9","mysql_version":"8.0.16","wp_version":"6.2.2","plugin":{"kadence-blocks":{"slug":"kadence-blocks"},"kadence-starter-templates":{"slug":"kadence-starter-templates"}},"file":"andriamiharisoaolga.local_wpvivid-64c11154cf603_2023-07-26-15-28_backup_plugin.part001.zip"},"andriamiharisoaolga.local_wpvivid-64c11154cf603_2023-07-26-15-28_backup_uploads.zip":{"file_type":"upload","root_flag":"wp-content","php_version":"8.1.9","mysql_version":"8.0.16","wp_version":"6.2.2","file":"andriamiharisoaolga.local_wpvivid-64c11154cf603_2023-07-26-15-28_backup_uploads.part001.zip"},"andriamiharisoaolga.local_wpvivid-64c11154cf603_2023-07-26-15-28_backup_content.zip":{"file_type":"wp-content","root_flag":"wp-content","php_version":"8.1.9","mysql_version":"8.0.16","wp_version":"6.2.2","file":"andriamiharisoaolga.local_wpvivid-64c11154cf603_2023-07-26-15-28_backup_content.part001.zip"},"andriamiharisoaolga.local_wpvivid-64c11154cf603_2023-07-26-15-28_backup_core.zip":{"file_type":"wp-core","include_path":["wp-includes","wp-admin"],"wp_core":1,"root_flag":"root","home_url":"http:\/\/andriamiharisoaolga.local","file":"andriamiharisoaolga.local_wpvivid-64c11154cf603_2023-07-26-15-28_backup_core.part001.zip"}},"file":"andriamiharisoaolga.local_wpvivid-64c11154cf603_2023-07-26-15-28_backup_all.part001.zip"}